{
  "Badge Text" : "",
  "Ansi 5 Color" : {
    "Green Component" : 0.10802463442087173,
    "Red Component" : 0.77738940715789795,
    "Blue Component" : 0.43516635894775391
  },
  "Working Directory" : "\/Users\/gwebster",
  "Prompt Before Closing 2" : 0,
  "Selected Text Color" : {
    "Green Component" : 0.56485837697982788,
    "Red Component" : 0.50599193572998047,
    "Blue Component" : 0.56363654136657715
  },
  "Set Local Environment Vars" : true,
  "Rows" : 25,
  "Ansi 11 Color" : {
    "Green Component" : 0.40717673301696777,
    "Red Component" : 0.32436618208885193,
    "Blue Component" : 0.43850564956665039
  },
  "Use Italic Font" : true,
  "Foreground Color" : {
    "Green Component" : 0.50962930917739868,
    "Red Component" : 0.44058024883270264,
    "Blue Component" : 0.51685798168182373
  },
  "Right Option Key Sends" : 0,
  "Character Encoding" : 4,
  "Selection Color" : {
    "Green Component" : 0.15575926005840302,
    "Red Component" : 0,
    "Blue Component" : 0.19370138645172119
  },
  "Triggers" : [

  ],
  "Blend" : 0.30000001192092896,
  "Mouse Reporting" : true,
  "Ansi 4 Color" : {
    "Green Component" : 0.46265947818756104,
    "Red Component" : 0.12754884362220764,
    "Blue Component" : 0.78231418132781982
  },
  "Non-ASCII Anti Aliased" : true,
  "Sync Title" : false,
  "Disable Window Resizing" : true,
  "Close Sessions On End" : true,
  "Jobs to Ignore" : [
    "rlogin",
    "ssh",
    "slogin",
    "telnet"
  ],
  "Scrollback With Status Bar" : false,
  "Scrollback Lines" : 0,
  "Scrollback in Alternate Screen" : true,
  "Draw Powerline Glyphs" : true,
  "Hide After Opening" : false,
  "Flashing Bell" : false,
  "Cursor Guide Color" : {
    "Red Component" : 0.65000000000000002,
    "Color Space" : "Calibrated",
    "Blue Component" : 1,
    "Alpha Component" : 0.25,
    "Green Component" : 0.91000000000000003
  },
  "BM Growl" : true,
  "AWDS Window Directory" : "",
  "Ansi 3 Color" : {
    "Green Component" : 0.46751424670219421,
    "Red Component" : 0.64746475219726562,
    "Blue Component" : 0.023484811186790466
  },
  "Use Non-ASCII Font" : false,
  "Link Color" : {
    "Red Component" : 0.023,
    "Color Space" : "Calibrated",
    "Blue Component" : 0.67800000000000005,
    "Alpha Component" : 1,
    "Green Component" : 0.27000000000000002
  },
  "Shortcut" : "",
  "Bold Color" : {
    "Green Component" : 0.56485837697982788,
    "Red Component" : 0.50599193572998047,
    "Blue Component" : 0.56363654136657715
  },
  "Unlimited Scrollback" : true,
  "Allow Title Setting" : false,
  "Custom Command" : "Yes",
  "AWDS Tab Option" : "No",
  "Smart Selection Rules" : [
    {
      "notes" : "Word bounded by whitespace",
      "regex" : "\\S+",
      "precision" : "low"
    },
    {
      "notes" : "C++ namespace::identifier",
      "regex" : "([a-zA-Z0-9_]+::)+[a-zA-Z0-9_]+",
      "precision" : "normal"
    },
    {
      "notes" : "Paths",
      "regex" : "\\~?\/?([[:letter:][:number:]._-]+\/+)+[[:letter:][:number:]._-]+\/?",
      "precision" : "normal"
    },
    {
      "notes" : "Quoted string",
      "regex" : "@?\"(?:[^\"\\\\]|\\\\.)*\"",
      "precision" : "normal"
    },
    {
      "notes" : "Java\/Python include paths",
      "regex" : "([[:letter:][:number:]._]+\\.)+[[:letter:][:number:]._]+",
      "precision" : "normal"
    },
    {
      "notes" : "mailto URL",
      "regex" : "\\bmailto:([a-z0-9A-Z_]+@)?([a-zA-Z0-9\\-]+\\.)*[a-zA-Z0-9\\-]+\\b",
      "precision" : "normal"
    },
    {
      "notes" : "Obj-C selector",
      "regex" : "@selector\\([^)]+\\)",
      "precision" : "high"
    },
    {
      "notes" : "email address",
      "regex" : "\\b[A-Za-z0-9._%+-]+@[A-Za-z0-9.-]+\\.[A-Za-z]{2,4}\\b",
      "precision" : "high"
    },
    {
      "notes" : "HTTP URL",
      "regex" : "https?:\/\/([a-z0-9A-Z]+(:[a-zA-Z0-9]+)?@)?[a-z0-9A-Z]+(\\.[a-z0-9A-Z]+)*((:[0-9]+)?)(\/[a-zA-Z0-9;\/\\.\\-_+%~?&@=#\\(\\)]*)?",
      "precision" : "very_high"
    },
    {
      "notes" : "SSH URL",
      "regex" : "\\bssh:([a-z0-9A-Z_]+@)?([a-zA-Z0-9\\-]+\\.)*[a-zA-Z0-9\\-]+\\b",
      "precision" : "very_high"
    },
    {
      "notes" : "Telnet URL",
      "regex" : "\\btelnet:([a-z0-9A-Z_]+@)?([a-zA-Z0-9\\-]+\\.)*[a-zA-Z0-9\\-]+\\b",
      "precision" : "very_high"
    }
  ],
  "Keyboard Map" : {

  },
  "Log Directory" : "\/Users\/gwebster\/Documents\/iTerm Session Logs",
  "Use Canonical Parser" : false,
  "Ansi 14 Color" : {
    "Green Component" : 0.56485837697982788,
    "Red Component" : 0.50599193572998047,
    "Blue Component" : 0.56363654136657715
  },
  "Ansi 2 Color" : {
    "Red Component" : 0.39906758069992065,
    "Color Space" : "Calibrated",
    "Blue Component" : 0.44068229198455811,
    "Alpha Component" : 1,
    "Green Component" : 0.62611889839172363
  },
  "Background Image Is Tiled" : false,
  "Send Code When Idle" : false,
  "ASCII Anti Aliased" : true,
  "Tags" : [
    "dark"
  ],
  "Ansi 9 Color" : {
    "Green Component" : 0.21325300633907318,
    "Red Component" : 0.74176257848739624,
    "Blue Component" : 0.073530435562133789
  },
  "Use Bold Font" : true,
  "Silence Bell" : false,
  "Ansi 12 Color" : {
    "Green Component" : 0.50962930917739868,
    "Red Component" : 0.44058024883270264,
    "Blue Component" : 0.51685798168182373
  },
  "Window Type" : 0,
  "Allow Title Reporting" : true,
  "Use Bright Bold" : true,
  "Cursor Text Color" : {
    "Green Component" : 0.15575926005840302,
    "Red Component" : 0,
    "Blue Component" : 0.19370138645172119
  },
  "Default Bookmark" : "No",
  "Cursor Color" : {
    "Green Component" : 0.50962930917739868,
    "Red Component" : 0.44058024883270264,
    "Blue Component" : 0.51685798168182373
  },
  "Disable Smcup Rmcup" : false,
  "Name" : "Source Code Solarized Dark",
  "Blinking Cursor" : true,
  "Guid" : "A8EBB7DF-2841-4CCE-8779-41366A8EFDCA",
  "Ansi 1 Color" : {
    "Green Component" : 0.10840655118227005,
    "Red Component" : 0.81926977634429932,
    "Blue Component" : 0.14145714044570923
  },
  "Ansi 8 Color" : {
    "Green Component" : 0.11783610284328461,
    "Red Component" : 0,
    "Blue Component" : 0.15170273184776306
  },
  "Ansi 10 Color" : {
    "Green Component" : 0.35665956139564514,
    "Red Component" : 0.27671992778778076,
    "Blue Component" : 0.38298487663269043
  },
  "Idle Code" : 0,
  "Badge Color" : {
    "Red Component" : 1,
    "Color Space" : "Calibrated",
    "Blue Component" : 0,
    "Alpha Component" : 0.5,
    "Green Component" : 0
  },
  "Automatically Log" : false,
  "Smart Cursor Color" : true,
  "Semantic History" : {
    "action" : "best editor",
    "text" : "",
    "editor" : "com.sublimetext.3"
  },
  "Ambiguous Double Width" : false,
  "Blur Radius" : 2,
  "Ansi 0 Color" : {
    "Green Component" : 0.15575926005840302,
    "Red Component" : 0,
    "Blue Component" : 0.19370138645172119
  },
  "Cursor Type" : 1,
  "AWDS Pane Directory" : "",
  "Blur" : false,
  "Normal Font" : "SourceCodePro+Powerline+AwesomeRegular 14",
  "Vertical Spacing" : 1,
  "Disable Printing" : false,
  "Ansi 7 Color" : {
    "Green Component" : 0.89001238346099854,
    "Red Component" : 0.91611063480377197,
    "Blue Component" : 0.79781103134155273
  },
  "Use HFS Plus Mapping" : true,
  "AWDS Tab Directory" : "",
  "AWDS Pane Option" : "No",
  "Command" : "\/bin\/zsh --login",
  "Terminal Type" : "xterm-256color",
  "Horizontal Spacing" : 1,
  "Option Key Sends" : 0,
  "Only The Default BG Color Uses Transparency" : false,
  "Blink Allowed" : false,
  "Minimum Contrast" : 0,
  "Ansi 15 Color" : {
    "Green Component" : 0.95794391632080078,
    "Red Component" : 0.98943418264389038,
    "Blue Component" : 0.86405980587005615
  },
  "Ansi 6 Color" : {
    "Green Component" : 0.57082360982894897,
    "Red Component" : 0.14679534733295441,
    "Blue Component" : 0.52502274513244629
  },
  "Transparency" : 0.066360019147396088,
  "Initial Text" : "",